{
  "version": "1.2.1",
  "manifest_version": 2,
  "name": "Themer Dark",
  "theme": {
    "colors": {
      "bookmark_text": [
        139,
        235,
        197
      ],
      "frame": [
        11,
        17,
        24
      ],
      "ntp_background": [
        85,
        76,
        65
      ],
      "ntp_text": [
        139,
        235,
        197
      ],
      "tab_background_text": [
        139,
        235,
        197
      ],
      "tab_background_text_inactive": [
        139,
        235,
        197
      ],
      "tab_background_text_incognito": [
        139,
        235,
        197
      ],
      "tab_background_text_incognito_inactive": [
        139,
        235,
        197
      ],
      "tab_text": [
        139,
        235,
        197
      ],
      "toolbar": [
        14,
        30,
        42
      ],
      "omnibox_text": [
        139,
        235,
        197
      ],
      "omnibox_background": [
        11,
        17,
        24
      ]
    },
    "tints": {
      "buttons": [
        0.40896358543417366,
        0.5,
        0.5
      ],
      "frame_inactive": [
        -1,
        -1,
        -1
      ],
      "frame_incognito": [
        0.4340277777777778,
        1,
        0.55
      ],
      "frame_incognito_inactive": [
        0.4340277777777778,
        1,
        0.55
      ]
    }
  }
}
